budget_mw,policy,T,T_fast,power_mw,weighted_aoi,mean_aoi,aoi_active,lat_mean,lat_p95,reneg_per_h
0.15,fixed,17.994500000000002,,0.1499986021990741,9.006369706616294,9.006661603641074,9.005149854132481,8.875053977355032,16.529898299204795,0.0
0.15,adaptive,19.612215907281787,8.997250000000001,0.14998427476851994,7.842119880297311,9.437692487529809,5.103288315414683,10.030217671531775,18.669002751664085,3.4166666666666665
0.15,adaptive+event,19.875761962901727,8.997250000000001,0.14999729884259397,7.653256970211975,9.509890656328881,4.457522266292368,0.0630378722391755,0.00900000000547152,3.783333333333333
0.2,fixed,11.996333333333332,,0.1999999859953704,6.009447321323606,6.007936643711554,6.012043124143401,6.07312672147505,10.875683577253948,0.0
0.2,adaptive,13.022522452978182,5.998166666666666,0.19998556678239107,5.17598735074032,6.276684668503586,3.2845496191803987,6.557743994771167,12.000835221844682,3.5500000000000003
0.2,adaptive+event,13.133265659620035,5.998166666666666,0.19999280497683558,5.0868417034539295,6.307407001733489,2.986117554857132,0.025394816102180556,0.00900000000547152,3.8000000000000003
0.3,fixed,7.197800000000001,,0.2999985881944444,3.609151727844553,3.608822768238537,3.609746540272112,3.3915447421119875,6.6952807530688005,0.0
0.3,adaptive,7.785161234264111,3.5989000000000004,0.2999773199073555,3.078383679728003,3.7602392217603695,1.9064094863931569,3.8154755649215404,7.296884180679626,3.6666666666666665
0.3,adaptive+event,7.823001571424098,3.5989000000000004,0.2999980256943929,3.04677213736021,3.770455126538465,1.8014530689678723,0.009000000000125694,0.00900000000547152,3.8166666666666664
0.5,fixed,3.9987777777777778,,0.49999579259259264,2.009331917514591,2.0093695699656258,2.0092702356254923,2.005447391478639,3.7551693421371963,0.0
0.5,adaptive,4.3136020460304305,1.9993888888888889,0.49999896157410806,1.7039197657152862,2.089454220627921,1.0408543672747803,2.209263059295258,3.931574654146243,3.716666666666667
0.5,adaptive+event,4.324841040332546,1.9993888888888889,0.49999939548614525,1.6938390069253095,2.092561607394384,1.007772496773652,0.009000000000125694,0.00900000000547152,3.8166666666666664
0.75,fixed,2.570642857142857,,0.7499985461805555,1.2953638924579638,1.2953159610338283,1.295449068464649,1.2210775901323436,2.4433030852182127,0.0
0.75,adaptive,2.769994112156138,1.2853214285714285,0.749956914236549,1.0957602838810208,1.3457676823746756,0.6657636276194916,1.4568021614989797,2.647932226242119,3.75
0.75,adaptive+event,2.774611080554353,1.2853214285714285,0.7499896528939556,1.0914040122135014,1.3470313270549357,0.651557779911227,0.009000000000125694,0.00900000000547152,3.8166666666666664
1.0,fixed,1.894157894736842,,0.9999971343749999,0.9570765913650916,0.957077823913281,0.9570742021581188,0.9984197734142493,1.8027632147452095,0.0
1.0,adaptive,2.039857498603002,0.947078947368421,0.9999830866906552,0.808752014036459,0.9938175007480691,0.4904188141461538,1.0235697207149201,1.948310247743939,3.766666666666667
1.0,adaptive+event,2.0423606055356607,0.947078947368421,0.9999882410888035,0.8064947354359747,0.9945065649222867,0.4830031833863118,0.009000000000125694,0.00900000000547152,3.8166666666666664
1.5,fixed,1.2409999999999999,,1.4999984761574074,0.6303264025485575,0.630307059385929,0.6303627521258897,0.6208633932231454,1.1623046704407898,0.0
1.5,adaptive,1.3357343254838954,0.6204999999999999,1.4999870203720176,0.5325776099977447,0.6543232879664356,0.32315827199720537,0.6567611794404681,1.2609869853364217,3.783333333333333
1.5,adaptive+event,1.3367945023299512,0.6204999999999999,1.49996042511739,0.5316182498122469,0.6546130220789741,0.3199916653999343,0.009000000000125694,0.00900000000547152,3.8166666666666664
2.0,fixed,0.9227948717948717,,1.999995652546296,0.4714016889798378,0.471398144751361,0.47140663789617604,0.473192716907192,0.8645987520139897,0.0
2.0,adaptive,0.9929564901514425,0.46139743589743587,1.9999701270857917,0.39835231734872223,0.4890144509707839,0.2423932181833087,0.5245049882920063,0.955069762984931,3.8000000000000003
2.0,adaptive+event,0.9935677281199593,0.46139743589743587,1.9999867592617169,0.3977992257083282,0.4891805255547281,0.24056746982619215,0.009000000000125694,0.00900000000547152,3.8166666666666664
