n_sta,policy,power_mw
1,legacy (random phase),0.19349254925000003
1,legacy (synchronized),0.19349254925000003
1,individual TWT,0.12047111724999997
5,legacy (random phase),0.19349254925000003
5,legacy (synchronized),0.22543942575
5,individual TWT,0.12047111724999997
10,legacy (random phase),0.19348628397522571
10,legacy (synchronized),0.26537302137499996
10,individual TWT,0.12047111724999995
25,legacy (random phase),0.19348753703018057
25,legacy (synchronized),0.38517380825
25,individual TWT,0.12047111724999997
50,legacy (random phase),0.19380177172205207
50,legacy (synchronized),0.5848417863749998
50,individual TWT,0.12047111724999998
100,legacy (random phase),0.19444196230700694
100,legacy (synchronized),0.9841777426249998
100,individual TWT,0.12047111724999997
200,legacy (random phase),0.19563886399455901
200,legacy (synchronized),1.782849655124999
200,individual TWT,0.12047111724999997
